{
  "name": "AESLib",
  "keywords": "thinx, esp8266, 128, AES, CBC",
  "description": "Easy-to-use cross-platform AES implementation (128-bit CBC) for low-memory conditions",
  "authors": {
    "name": "Matej Sychra",
    "email": "suculent@me.com",
    "url": "https://github.com/suculent/thinx-aes-lib"
  },
  "repository": {
    "type": "git",
    "url": "https://github.com/suculent/thinx-aes-lib.git"
  },
  "version": "2.3.6",
  "frameworks": "arduino",
  "platforms": ["esp8266", "esp32", "avr", "linux", "nrf5"]
}
